type,name,module,path,hash
"csv","agent-manifest","_cfg","bmad/_cfg/agent-manifest.csv","4a0ef129a6c1c1d77fe85aa595582373f11acc29e56935c8a8454bb825aedaf5"
"csv","task-manifest","_cfg","bmad/_cfg/task-manifest.csv","46f98b1753914dc6193c9ca8b6427fadc9a6d71747cdc8f5159792576c004b60"
"csv","workflow-manifest","_cfg","bmad/_cfg/workflow-manifest.csv","8e6e5738c9ab9f4fc0867f5dc7adc2ff6a2e7bf2e5f2af96f2abec5b4b880714"
"yaml","manifest","_cfg","bmad/_cfg/manifest.yaml","32147ba5907a9e874fb2ef27e1b0326b03d555448f7642cabf32d4e6025e2c97"
"csv","documentation-requirements","bmm","bmad/bmm/workflows/1-analysis/document-project/documentation-requirements.csv","d1253b99e88250f2130516b56027ed706e643bfec3d99316727a4c6ec65c6c1d"
"csv","game-brain-methods","bmm","bmad/bmm/workflows/1-analysis/brainstorm-game/game-brain-methods.csv","9dd6c853bcd04038223abf0263c465381dace3c9b13c9eb637f22ce9dc93210e"
"csv","game-types","bmm","bmad/bmm/workflows/2-plan/gdd/game-types.csv","a44c04d09432c886a7a5a8112474bd32540d8e84de25b308dca0f96e570651fd"
"csv","project-types","bmm","bmad/bmm/workflows/3-solutioning/project-types/project-types.csv","dd3f3b1daf06b09e79691c513e83c8256df1cc79147f2f05cadb3704c7e4cb9d"
"csv","registry","bmm","bmad/bmm/workflows/3-solutioning/templates/registry.csv","d6b3611fc60d2ce45abca3b9cbd2ce8308005ffc913c9bc19df7b180accdd249"
"csv","tea-index","bmm","bmad/bmm/testarch/tea-index.csv","1e98d260bbd875c6245e650be95a5bd626320957d5fe3e4fdc6f2d31d9558ea1"
"json","project-scan-report-schema","bmm","bmad/bmm/workflows/1-analysis/document-project/templates/project-scan-report-schema.json","53255f15a10cab801a1d75b4318cdb0095eed08c51b3323b7e6c236ae6b399b7"
"md","action-platformer","bmm","bmad/bmm/workflows/2-plan/gdd/game-types/action-platformer.md","f1cbe9e9a52acd01ff120d05ce22fa81b30500933f62a3c6c36642280244057c"
"md","ADR-template","bmm","bmad/bmm/workflows/3-solutioning/ADR-template.md","c43213a6f4c1e6a0afbfb5dab26505a385966cfa15e2c468d8c174b4a5161995"
"md","adventure","bmm","bmad/bmm/workflows/2-plan/gdd/game-types/adventure.md","06aa57786c2e7ebc7580d501fcdefaabb28933c7b5785d6643bf643f58ae13e7"
"md","analyst","bmm","bmad/bmm/agents/analyst.md","d8a989fe9a254ab5ade0a0893c83396adb6e59afce856ded0cb55e95b5d8d2c0"
"md","architect","bmm","bmad/bmm/agents/architect.md","bbf7540d6feb0a632cf77cb5d12624dfa4c721f3fee8c8e4585470f74abec23c"
"md","backend-questions","bmm","bmad/bmm/workflows/3-solutioning/project-types/backend-questions.md","7c8a6c35ffde58440ba5df2f14ca5ea2421f6d1341b53e372fcb2cebbe1c5cdc"
"md","backend-service-architecture","bmm","bmad/bmm/workflows/3-solutioning/templates/backend-service-architecture.md","bb1688916680cfe3d723d6991d68bf288931dc27713b5f5f27ec08955a57ef4f"
"md","backlog_template","bmm","bmad/bmm/workflows/4-implementation/review-story/backlog_template.md","84b1381c05012999ff9a8b036b11c8aa2f926db4d840d256b56d2fa5c11f4ef7"
"md","bmm-competitor-analyzer","bmm","bmad/bmm/workflows/1-analysis/research/claude-code/sub-agents/bmm-competitor-analyzer.md","82d80930d8ed89d3b58616e53fc6f6f2788fd2fe88a08cff41a1500ff640201c"
"md","bmm-data-analyst","bmm","bmad/bmm/workflows/1-analysis/research/claude-code/sub-agents/bmm-data-analyst.md","a50ddc2dca39cc36289a43ff9c635ab5304e50b60174fa4fc34254d86464599e"
"md","bmm-market-researcher","bmm","bmad/bmm/workflows/1-analysis/research/claude-code/sub-agents/bmm-market-researcher.md","8993d2b104e1aca7b9407d9ab1af8958397c7abdf673b68756747f6d795ae929"
"md","bmm-trend-spotter","bmm","bmad/bmm/workflows/1-analysis/research/claude-code/sub-agents/bmm-trend-spotter.md","375ec3502fadd7f8e2403e71707ece5bbad703ee60360c068f9cf90fe409d6fa"
"md","bmm-user-researcher","bmm","bmad/bmm/workflows/1-analysis/research/claude-code/sub-agents/bmm-user-researcher.md","7f4733add8e3d89546e9769a7b0d259d73c262876ac64aff04d51e3094032afb"
"md","card-game","bmm","bmad/bmm/workflows/2-plan/gdd/game-types/card-game.md","6b9298ace2607c8e93d64533e6406828053234282e4977e4407faa2e9302fd0a"
"md","checklist","bmm","bmad/bmm/workflows/1-analysis/document-project/checklist.md","54e260b60ba969ecd6ab60cb9928bc47b3733d7b603366e813eecfd9316533df"
"md","checklist","bmm","bmad/bmm/workflows/1-analysis/game-brief/checklist.md","3516d66cffceb3e5ab23e1ddc9aaed8c0335eb0755e7437488cdebff96162395"
"md","checklist","bmm","bmad/bmm/workflows/1-analysis/product-brief/checklist.md","d801d792e3cf6f4b3e4c5f264d39a18b2992a197bc347e6d0389cc7b6c5905de"
"md","checklist","bmm","bmad/bmm/workflows/1-analysis/research/checklist.md","0524c5a0ea841d9b98b6f5a5cec095d0ecbd35779aa0ae079f6a81d36af16389"
"md","checklist","bmm","bmad/bmm/workflows/2-plan/checklist.md","f42eeb00f8ca8c85cc1727e4198e72c7f98b142988ebd32747e5b3e911e45364"
"md","checklist","bmm","bmad/bmm/workflows/3-solutioning/checklist.md","8ad16f5bb7af77333ca4ebc2217dac12d049a08a93e355aecce77ec9db045a86"
"md","checklist","bmm","bmad/bmm/workflows/3-solutioning/tech-spec/checklist.md","07e61427814d7f97c86dc02f4c9caedbe725b2dd5b8876d5371371f872a81aed"
"md","checklist","bmm","bmad/bmm/workflows/4-implementation/correct-course/checklist.md","d883f8c21b6315fe2296a5b250913adfbbf43d3387053e94f60051b5198989a3"
"md","checklist","bmm","bmad/bmm/workflows/4-implementation/create-story/checklist.md","d4f2ba56c40164110cc2d1830847fe42d367305f4ee85222bc465560cba12be9"
"md","checklist","bmm","bmad/bmm/workflows/4-implementation/dev-story/checklist.md","77cecc9d45050de194300c841e7d8a11f6376e2fbe0a5aac33bb2953b1026014"
"md","checklist","bmm","bmad/bmm/workflows/4-implementation/review-story/checklist.md","549f958bfe0b28f33ed3dac7b76ea8f266630b3e67f4bda2d4ae85be518d3c89"
"md","checklist","bmm","bmad/bmm/workflows/4-implementation/story-context/checklist.md","89c90d004e0649624a533d09604384c297b2891847c87cf1dcb358e9c8d0d723"
"md","ci-burn-in","bmm","bmad/bmm/testarch/knowledge/ci-burn-in.md","42e14a03d84563ed9dffc618959b71fcfb35b6aef2e5e3a713335b96ad7709a5"
"md","cli-questions","bmm","bmad/bmm/workflows/3-solutioning/project-types/cli-questions.md","f83b13181eb4b62085e3d8ffa046359f99d2631b6c2d6141da14e15d82d0b84d"
"md","cli-tool-architecture","bmm","bmad/bmm/workflows/3-solutioning/templates/cli-tool-architecture.md","bb1688916680cfe3d723d6991d68bf288931dc27713b5f5f27ec08955a57ef4f"
"md","component-tdd","bmm","bmad/bmm/testarch/knowledge/component-tdd.md","c2d1ea48b2d43abb0cee67b139827d3f9d8ea55203a7e6e9a9f87f0c9e717e2e"
"md","contract-testing","bmm","bmad/bmm/testarch/knowledge/contract-testing.md","b0c4de2d61a9c278e82cac49d26b82019db1ae594615ebce4bf8d04657e9fc2d"
"md","data-factories","bmm","bmad/bmm/testarch/knowledge/data-factories.md","714ab838ee4d409fd9dfe5189ccd4adb5aef12bdea7bc5ca8adb6c2a2bc84a98"
"md","data-pipeline-architecture","bmm","bmad/bmm/workflows/3-solutioning/templates/data-pipeline-architecture.md","bb1688916680cfe3d723d6991d68bf288931dc27713b5f5f27ec08955a57ef4f"
"md","data-questions","bmm","bmad/bmm/workflows/3-solutioning/project-types/data-questions.md","bf8c36fb0cf622d7f36c590056cfcbd8cf667450d00d4a27a81c6776210fa6cb"
"md","deep-dive-instructions","bmm","bmad/bmm/workflows/1-analysis/document-project/workflows/deep-dive-instructions.md","5df994e4e77a2a64f98fb7af4642812378f15898c984fb4f79b45fb2201f0000"
"md","deep-dive-template","bmm","bmad/bmm/workflows/1-analysis/document-project/templates/deep-dive-template.md","6198aa731d87d6a318b5b8d180fc29b9aa53ff0966e02391c17333818e94ffe9"
"md","desktop-app-architecture","bmm","bmad/bmm/workflows/3-solutioning/templates/desktop-app-architecture.md","bb1688916680cfe3d723d6991d68bf288931dc27713b5f5f27ec08955a57ef4f"
"md","desktop-questions","bmm","bmad/bmm/workflows/3-solutioning/project-types/desktop-questions.md","f5a50f1169cef74f0c20aca0216615dfef173bd19fb47f64f9432be69f6271ec"
"md","dev","bmm","bmad/bmm/agents/dev.md","20b9541e0aa32a3897e42b7834d2e1a73518d6f32e19d53ad98519fd3f2b5063"
"md","email-auth","bmm","bmad/bmm/testarch/knowledge/email-auth.md","7d0cc4d8e810f5f18d0654dc3f1ae306e73ef63b40a58a0f094c60b3a4cd309d"
"md","embedded-firmware-architecture","bmm","bmad/bmm/workflows/3-solutioning/templates/embedded-firmware-architecture.md","bb1688916680cfe3d723d6991d68bf288931dc27713b5f5f27ec08955a57ef4f"
"md","embedded-questions","bmm","bmad/bmm/workflows/3-solutioning/project-types/embedded-questions.md","fc9a01b298f59bb26aa22e64006f5c6ec8ac6eec327eec92114b7a7f8940a507"
"md","epic-stories-template","bmm","bmad/bmm/workflows/2-plan/tech-spec/epic-stories-template.md","7835e604689f4a7cd851afdc416f9dd0c0551f771b5a13cc7dc50244197e171e"
"md","epics-template","bmm","bmad/bmm/workflows/2-plan/prd/epics-template.md","93652c367a4138d94eebbea149c9cfc4d81cd08c8ea228ba57232275de2822be"
"md","error-handling","bmm","bmad/bmm/testarch/knowledge/error-handling.md","d3301196502dc5b6ddae56a3fbdcfce04589c28890cf1ea7f70d2591e2cf2ff6"
"md","extension-questions","bmm","bmad/bmm/workflows/3-solutioning/project-types/extension-questions.md","0c0cead79ad35d0d09b72f712b64f97a78838c9a4b58975d81c4ed3e755e6637"
"md","feature-flags","bmm","bmad/bmm/testarch/knowledge/feature-flags.md","2d97b8939d573e62c045ee8aaa98aa2b6b2e027b878636e6615619864bcebf70"
"md","fighting","bmm","bmad/bmm/workflows/2-plan/gdd/game-types/fighting.md","52e5a142aac496ae7154fc0829bfbce1ef22296f0a464cf8e595aa14ca02eb86"
"md","fixture-architecture","bmm","bmad/bmm/testarch/knowledge/fixture-architecture.md","1d3f12a29a0c1fa3737bf7e85a99691b0b2543d3693024595569cc8aae4eae07"
"md","full-scan-instructions","bmm","bmad/bmm/workflows/1-analysis/document-project/workflows/full-scan-instructions.md","a53c3d92a44625f103f1367f64a4620a7ce9a36d64ca49ad789a66375b5f3d7f"
"md","game-architect","bmm","bmad/bmm/agents/game-architect.md","94be9ae4a3963e44fa77be7f1d60578530f0b2ef7229525c9f3c522d206f6c97"
"md","game-context","bmm","bmad/bmm/workflows/1-analysis/brainstorm-game/game-context.md","d0f5cb4d6151bb65b799676281ea2af0fe1b5ec227c92ceba655ba363e18a0ba"
"md","game-designer","bmm","bmad/bmm/agents/game-designer.md","fee53d17c86e84a06665464befca5fdb04f7d8152c3fb650193f54a3f0dde812"
"md","game-dev","bmm","bmad/bmm/agents/game-dev.md","e0a3516205f2a0e5960b9cc504f45f1b44faf59391febcb0da1f0168d6e17906"
"md","game-engine-architecture","bmm","bmad/bmm/workflows/3-solutioning/templates/game-engine-architecture.md","999e59b8c7196d731243565806ebcbea769fcac7d352ae31f16dedf5dc252ab4"
"md","game-engine-godot-guide","bmm","bmad/bmm/workflows/3-solutioning/templates/game-engine-godot-guide.md","fb178ab700dab8ead1c00eb69f360d06982d7ac2aa5d333076ec07f279c2c459"
"md","game-engine-unity-guide","bmm","bmad/bmm/workflows/3-solutioning/templates/game-engine-unity-guide.md","5a444408dac577a50bd443f3027cc362e402df42f8254b410d1b9d0ba4d8ed14"
"md","game-engine-web-guide","bmm","bmad/bmm/workflows/3-solutioning/templates/game-engine-web-guide.md","6ba56a0d294d4798301af4a9126a69ed18e6c05899a9c4c6d518bba1de33801d"
"md","game-questions","bmm","bmad/bmm/workflows/3-solutioning/project-types/game-questions.md","fff3446cbd0c821d5e7608e274f7653c87752f3644268475b16bae0fd35bf837"
"md","gdd-template","bmm","bmad/bmm/workflows/2-plan/gdd/gdd-template.md","070ccbb7f491dc1b1d126245c2e4db4a55dbc5a7ee6a6df4be521ca70e3c9ea6"
"md","horror","bmm","bmad/bmm/workflows/2-plan/gdd/game-types/horror.md","7ff7599d5701bb7a8ef0e14f3ba614626cdd0d8960a8e880fc1cd41c5f508f75"
"md","idle-incremental","bmm","bmad/bmm/workflows/2-plan/gdd/game-types/idle-incremental.md","515b52bb301e467c1f096cc55abde47159bb0b0d87157b9fa565973b48601ddf"
"md","index-template","bmm","bmad/bmm/workflows/1-analysis/document-project/templates/index-template.md","42c8a14f53088e4fda82f26a3fe41dc8a89d4bcb7a9659dd696136378b64ee90"
"md","infra-questions","bmm","bmad/bmm/workflows/3-solutioning/project-types/infra-questions.md","8c9522d5ac3077f898ffe22e861a9688099751f312e8539bf154853d3fcb4d99"
"md","infrastructure-architecture","bmm","bmad/bmm/workflows/3-solutioning/templates/infrastructure-architecture.md","bb1688916680cfe3d723d6991d68bf288931dc27713b5f5f27ec08955a57ef4f"
"md","instructions","bmm","bmad/bmm/workflows/1-analysis/brainstorm-game/instructions.md","733919d16b9806d624dd40a1addd4bdb80a3a6cb03765c4e6466fd7cbeb83134"
"md","instructions","bmm","bmad/bmm/workflows/1-analysis/brainstorm-project/instructions.md","f47576372a572b2394f9fb637b21b895d4d1288259dd7c97c27bc8993e18c1a5"
"md","instructions","bmm","bmad/bmm/workflows/1-analysis/document-project/instructions.md","568213af601c4b7ec3628eb48a8446611b8526c6f82b25c311ac24bb7c172b77"
"md","instructions","bmm","bmad/bmm/workflows/1-analysis/game-brief/instructions.md","97ffcac168b97652e0428a94cacfe2cd144a9b53e1e99a6b580af2196e614eaf"
"md","instructions","bmm","bmad/bmm/workflows/1-analysis/product-brief/instructions.md","8ac0dd6027a4bfdcab06e658c785517e1192f2d8d0e7bf053d69dd031ae136f7"
"md","instructions","bmm","bmad/bmm/workflows/1-analysis/workflow-status/instructions.md","3abcc8696dd2532482a585221bd3802df4ace79d37bccb4725eb2a86acbaea46"
"md","instructions","bmm","bmad/bmm/workflows/3-solutioning/instructions.md","e62802667abbca8b53ce2e3f595036c497279f20e81048709c7626a09a50d29c"
"md","instructions","bmm","bmad/bmm/workflows/3-solutioning/tech-spec/instructions.md","e188c79b3cbce72c47ba5d79b711e28d9eeada23f9669765df6dc76674762547"
"md","instructions","bmm","bmad/bmm/workflows/4-implementation/correct-course/instructions.md","85c35e46963c338389706abebd3c3045335a9984b02ec32d6b22bf028a295204"
"md","instructions","bmm","bmad/bmm/workflows/4-implementation/create-story/instructions.md","651f544a426c829b5ca02fae4b97982c7e1486e2576e6cee2ea69ba9b7fda56c"
"md","instructions","bmm","bmad/bmm/workflows/4-implementation/dev-story/instructions.md","5c1062845120165bc949d8eea764a490b4d9ff8862ac5aac05ef739f44b03791"
"md","instructions","bmm","bmad/bmm/workflows/4-implementation/retrospective/instructions.md","cd537ebfce25f05e42624fe8cb4d89074a0e4548f279e079165d06deba512cf5"
"md","instructions","bmm","bmad/bmm/workflows/4-implementation/review-story/instructions.md","4380a7f8d6c4bf10400166c8c5b7354d94b24f6b269f9b9e97bc5634c7787334"
"md","instructions","bmm","bmad/bmm/workflows/4-implementation/story-approved/instructions.md","458a2c3c65505939010d2b011a0031c90bfbb467724058689ae8f4b5f8868452"
"md","instructions","bmm","bmad/bmm/workflows/4-implementation/story-context/instructions.md","9f68011a16890c1ade5fef9808a4572b4b2ce61dacbfb2c0a2cedcf75dd8a32b"
"md","instructions","bmm","bmad/bmm/workflows/4-implementation/story-ready/instructions.md","d1538235114bb94cf79485bf6ee0de92526ff8d4aed40afad0f51d1cc5f3fa5f"
"md","instructions","bmm","bmad/bmm/workflows/testarch/atdd/instructions.md","946b00119290758ab2900498f19ae3514e0d291eb65099c47ddbd793306d8e31"
"md","instructions","bmm","bmad/bmm/workflows/testarch/automate/instructions.md","b74121f6bc87ae73c8b7b8b2bc4257801262cb8924239ebe9a4e3228d042ac1d"
"md","instructions","bmm","bmad/bmm/workflows/testarch/ci/instructions.md","d2a8d515af18767d211909d91691ff41c6baa572d06f6778592b08b3fbd54148"
"md","instructions","bmm","bmad/bmm/workflows/testarch/framework/instructions.md","7065d32554f138f5af848759c96e55aca921fd5839f5dad593849e358132f002"
"md","instructions","bmm","bmad/bmm/workflows/testarch/gate/instructions.md","ea0f9bc1c67f2a1089f3d6937e851b8b74c0dde7d65f649f9301b0effd99b95d"
"md","instructions","bmm","bmad/bmm/workflows/testarch/nfr-assess/instructions.md","fbb0b3c5ad8210f522858e2daf872f2b050db898c4bb090056bf42980046d54b"
"md","instructions","bmm","bmad/bmm/workflows/testarch/test-design/instructions.md","293a06ff2ce67485d5acb8d262c0f8dff3b98c15af1848b4219bf14eaa7ea03a"
"md","instructions","bmm","bmad/bmm/workflows/testarch/trace/instructions.md","2861e1981f42bb0db09fa79ce2954836f5844ec8744ea2d33d3f05d3543963b2"
"md","instructions-deep-prompt","bmm","bmad/bmm/workflows/1-analysis/research/instructions-deep-prompt.md","831ea1735149130056f3c95be6ede21d0f57430f196500e442ac180c809f5176"
"md","instructions-gdd","bmm","bmad/bmm/workflows/2-plan/gdd/instructions-gdd.md","d9a0505c63ca854c473a480bfb6093f397cb70c537244ef67e7eeff74f40839d"
"md","instructions-level0-story","bmm","bmad/bmm/workflows/2-plan/tech-spec/instructions-level0-story.md","e1408d86b846eeb4e4d544729f9fdf5cf0e687307d2a0c45cfc54bea44d38331"
"md","instructions-level1-stories","bmm","bmad/bmm/workflows/2-plan/tech-spec/instructions-level1-stories.md","fb618d2880eb98afdcf6020c86a044928a0884d53ba8ab637e89adf1addc2675"
"md","instructions-lg","bmm","bmad/bmm/workflows/2-plan/prd/instructions-lg.md","e005439f7308e4c0cfccf42bd22312272997c823a727e1b783ba4c4ef17aac44"
"md","instructions-market","bmm","bmad/bmm/workflows/1-analysis/research/instructions-market.md","464f57f459ee9d428393c758b796162d10f5f9426f44eef7fab4c6428cb29d55"
"md","instructions-med","bmm","bmad/bmm/workflows/2-plan/prd/instructions-med.md","01f2486216752560e8ae40b43a04555a1a01d6d552c6aa9a1604e44c92a7e820"
"md","instructions-narrative","bmm","bmad/bmm/workflows/2-plan/narrative/instructions-narrative.md","5696880e9354ce63ddd8eaf14a335916cb0e8a630a8155e54a61fb4e7ec77673"
"md","instructions-router","bmm","bmad/bmm/workflows/1-analysis/research/instructions-router.md","67cc28319fd7b1dd383d415134aa3de62848dbbd4cd73c4deb17b13389e9b484"
"md","instructions-router","bmm","bmad/bmm/workflows/2-plan/instructions-router.md","cae20b1ac92da9a754390823518e82c7b6a1dff4d7786d287a5be66292249ba6"
"md","instructions-sm","bmm","bmad/bmm/workflows/2-plan/tech-spec/instructions-sm.md","d6d6c4616a2712407c5f1cc49c9773bcfb0a82455abd44e147e0eb37b711285b"
"md","instructions-technical","bmm","bmad/bmm/workflows/1-analysis/research/instructions-technical.md","a579065ac50fa2d48e5971094899acd7166a55e82c5da9a8b4b73013f66d546d"
"md","instructions-ux","bmm","bmad/bmm/workflows/2-plan/ux/instructions-ux.md","b65d7d0fdb3602c118f05c959f7a000df485e4d317666cb615e020fc0816a4f4"
"md","library-package-architecture","bmm","bmad/bmm/workflows/3-solutioning/templates/library-package-architecture.md","bb1688916680cfe3d723d6991d68bf288931dc27713b5f5f27ec08955a57ef4f"
"md","library-questions","bmm","bmad/bmm/workflows/3-solutioning/project-types/library-questions.md","1a21b0345744a108590f293a492345bb6370af561a7875985f6307816df178ae"
"md","metroidvania","bmm","bmad/bmm/workflows/2-plan/gdd/game-types/metroidvania.md","2a8c101dda7911d1cd1d9c66d1be86af3725832f5dcc7fab71e95204f45614ea"
"md","moba","bmm","bmad/bmm/workflows/2-plan/gdd/game-types/moba.md","92d0ba9f7508a38d5bfeac1651c6aee8a1a58c54659ad3f0e0d1fd678a1ef498"
"md","mobile-app-architecture","bmm","bmad/bmm/workflows/3-solutioning/templates/mobile-app-architecture.md","bb1688916680cfe3d723d6991d68bf288931dc27713b5f5f27ec08955a57ef4f"
"md","mobile-questions","bmm","bmad/bmm/workflows/3-solutioning/project-types/mobile-questions.md","5b44cf9cac7d035ec754e335be8ba78046f70934825d074c474be29938075440"
"md","narrative-template","bmm","bmad/bmm/workflows/2-plan/narrative/narrative-template.md","a97e07173c540f85e946eb9c525e1ccad9294ae5f970760f2a9c537b5c0dcd6b"
"md","network-first","bmm","bmad/bmm/testarch/knowledge/network-first.md","555dbb40e8e3e17d09e1bf3532d46c28a13fc5c868942b04f27937bcb6365ee8"
"md","nfr-criteria","bmm","bmad/bmm/testarch/knowledge/nfr-criteria.md","384beb17c8d127cc0a26ddf55a71a4c75c770517b1454ee3177500a93d7b558e"
"md","party-game","bmm","bmad/bmm/workflows/2-plan/gdd/game-types/party-game.md","0cc50b3aede0c45c94cdff743cdac2d8ad67421ea80497a29d2300a1744ea703"
"md","playwright-config","bmm","bmad/bmm/testarch/knowledge/playwright-config.md","6583c48c974f1be27bd0ac4f33c19de96f3714fa86a3b5e39cfcaa7adb90614c"
"md","pm","bmm","bmad/bmm/agents/pm.md","67df401204ffdf832a2cc52ba70b82400fa25f356c4d9c1689c0c57c587fd5e4"
"md","prd-template","bmm","bmad/bmm/workflows/2-plan/prd/prd-template.md","db91b88f1457b95b6e44b8eeaf57b54b075f3300cb7d71294d12848d5c4beef6"
"md","probability-impact","bmm","bmad/bmm/testarch/knowledge/probability-impact.md","6786eb7162bddaa0b8b66d612082de1c2837e5740776436cc3e973fb7f972a65"
"md","project-context","bmm","bmad/bmm/workflows/1-analysis/brainstorm-project/project-context.md","0f1888da4bfc4f24c4de9477bd3ccb2a6fb7aa83c516dfdc1f98fbd08846d4ba"
"md","project-overview-template","bmm","bmad/bmm/workflows/1-analysis/document-project/templates/project-overview-template.md","a7c7325b75a5a678dca391b9b69b1e3409cfbe6da95e70443ed3ace164e287b2"
"md","project-workflow-status-template","bmm","bmad/bmm/workflows/_shared/project-workflow-status-template.md","4ecc55c0d8fdee12055bfff15f4bce440532d5cbf422fc275ce3e035bdcb211a"
"md","puzzle","bmm","bmad/bmm/workflows/2-plan/gdd/game-types/puzzle.md","f9c08b6f087bfaa41ea08c9dfa78aa034f5ae46b627b9f476bdf8b4f5c3389ed"
"md","racing","bmm","bmad/bmm/workflows/2-plan/gdd/game-types/racing.md","085ea5d0914d7bc6a233c479d0ad6288a575ad1c8b9a8a85881e779fac0e60fc"
"md","README","bmm","bmad/bmm/README.md","9f2a296f1442a92a5ab79a1af42d2c162999bf268b52d119d03ec3a98327e47f"
"md","README","bmm","bmad/bmm/testarch/README.md","9adbee749e3b311d14ff7e317d690ff857eeb40bb4bb6465e2de16077eb68c9d"
"md","README","bmm","bmad/bmm/workflows/1-analysis/brainstorm-game/README.md","4d704cf0ff96239cb37974009a3db1f067cf6d6fed48774746969f845f021a5a"
"md","README","bmm","bmad/bmm/workflows/1-analysis/brainstorm-project/README.md","d4ef2c6f5033cdb58e713cf30a8f88b37d83a361601bbeca38e15f9470535699"
"md","README","bmm","bmad/bmm/workflows/1-analysis/document-project/README.md","9415befb88719758299c85e42f497953814b9afe3b79bcfc4742deef243b2e26"
"md","README","bmm","bmad/bmm/workflows/1-analysis/document-project/templates/README.md","a5e3775d1dd3cf6958b782361229ad5602e55d140e8976f9c87e2051346d7e2a"
"md","README","bmm","bmad/bmm/workflows/1-analysis/game-brief/README.md","cc922fd97a0fb4aab624e35e24ada783fdbd4b057b8a8e2f8c550087f1725596"
"md","README","bmm","bmad/bmm/workflows/1-analysis/product-brief/README.md","e891a719ac22e5cd754b55efc7b2f367094c8fa00e802139b3cb1f9fabf1c559"
"md","README","bmm","bmad/bmm/workflows/1-analysis/research/README.md","9679a94028badf669a05b8125d92c5c16cebc10fc8c9340eff866a872d17798a"
"md","README","bmm","bmad/bmm/workflows/1-analysis/workflow-status/README.md","0d451b8302970d518bb2d8566cc3ed1f25f43ca1a5582bcb3efbb4bdfd12bd1f"
"md","README","bmm","bmad/bmm/workflows/2-plan/README.md","5639d0e3010efcf8f247a77d6125935fa66e6ec5ac5a18a60c9c6cae935fdf71"
"md","README","bmm","bmad/bmm/workflows/2-plan/gdd/README.md","2dfdc93ab6c9c5982c3a79bb184cd468fd59a44565ad23188a4a1a8f32208588"
"md","README","bmm","bmad/bmm/workflows/3-solutioning/README.md","95764185764d92518be8bf0e18673b6ff8127fde98a4713a784adf77041c2e39"
"md","README","bmm","bmad/bmm/workflows/3-solutioning/tech-spec/README.md","b818f6e68ffb443ab2d96abf7e34dc7dcf5bbe63fbf9d64b56e219bf0db87b5d"
"md","README","bmm","bmad/bmm/workflows/4-implementation/correct-course/README.md","7d5324ef1abbb4b46da2f850e7b57ce8856a5c6b3f9b2af2804f9cd71f007d8f"
"md","README","bmm","bmad/bmm/workflows/4-implementation/create-story/README.md","19d8633f4688aa914d237f3ad7a72c40b82506fc82442d52a1b0277ab10b28ab"
"md","README","bmm","bmad/bmm/workflows/4-implementation/dev-story/README.md","808dbd7c69efcf4c0651dc95d49ee2d4bbd95b986398359387578f6b3006bdda"
"md","README","bmm","bmad/bmm/workflows/4-implementation/retrospective/README.md","ae7e8503dabb3f8b9e21e662a8143a996b825a658f6e8feef53b43502246353c"
"md","README","bmm","bmad/bmm/workflows/4-implementation/review-story/README.md","bf8aacb0692173df34923cb643372403a7c1cd83d1457c68fa6c38f2c5e18207"
"md","README","bmm","bmad/bmm/workflows/4-implementation/story-context/README.md","aadd2d77c2c254a358a0b91f4db48a1ad69815226120fab74ebc40bc209f8246"
"md","README","bmm","bmad/bmm/workflows/README.md","49155d2b930e2de55ce11e84537dc88cb25476aef4a77876083d1075a77e228b"
"md","README","bmm","bmad/bmm/workflows/testarch/README.md","d148c9ec9430f492c81d8e91fd4a2fab144a9ce80583dfdaa8acd120b572a735"
"md","rhythm","bmm","bmad/bmm/workflows/2-plan/gdd/game-types/rhythm.md","83bbf1761fdc604b8c2b50ed86c5874cce331417e1b3a46c65cb6c4c1a7c8db2"
"md","risk-governance","bmm","bmad/bmm/testarch/knowledge/risk-governance.md","2642089dddb690f71008c7986f770bf486e711e820d36226df721d356045b4f9"
"md","roguelike","bmm","bmad/bmm/workflows/2-plan/gdd/game-types/roguelike.md","fb1ebc838011020a6f740e6fb4f2ceb81be8477f9c67bc7ae3a8e34dfe548f00"
"md","rpg","bmm","bmad/bmm/workflows/2-plan/gdd/game-types/rpg.md","5aa57ecefb448a0507ee0c8d503b43bd34d0c612ba130240d1af9842b80cba50"
"md","sandbox","bmm","bmad/bmm/workflows/2-plan/gdd/game-types/sandbox.md","836f656bbaae549f31ac574c0865a61de451c08ab8c561db2c93398e147ece85"
"md","selective-testing","bmm","bmad/bmm/testarch/knowledge/selective-testing.md","e669fb7a5e897efefa582f96807800625bea5cb73bfab9eadf564a8477d77f2a"
"md","shooter","bmm","bmad/bmm/workflows/2-plan/gdd/game-types/shooter.md","2452850295ac2b9fac04ce2d6126bfc19bb7dccbb04c40e7f89c801aecc5555d"
"md","simulation","bmm","bmad/bmm/workflows/2-plan/gdd/game-types/simulation.md","fd74a7d21243f8d9827fe6a99263579309bc0aabd9e56261d3dd4eb5cfc75ad5"
"md","sm","bmm","bmad/bmm/agents/sm.md","c6dce52169bbe64e20016dbc7e813b3876cdc596d4e2517124396e7849cf1c29"
"md","source-tree-template","bmm","bmad/bmm/workflows/1-analysis/document-project/templates/source-tree-template.md","109bc335ebb22f932b37c24cdc777a351264191825444a4d147c9b82a1e2ad7a"
"md","sports","bmm","bmad/bmm/workflows/2-plan/gdd/game-types/sports.md","2247ea87dbca74e879f8c686d9e80434618e9e61bd3572739274c1af64cb0bb8"
"md","strategy","bmm","bmad/bmm/workflows/2-plan/gdd/game-types/strategy.md","997380919f6c1b408906c364f74e728b9c6b45bf2960d1f0bfe8b0def594735e"
"md","survival","bmm","bmad/bmm/workflows/2-plan/gdd/game-types/survival.md","3647795ee0073a85217633412a41a938e51a553776acbe9ac953fb403e3437f9"
"md","tea","bmm","bmad/bmm/agents/tea.md","6c6a8cc99aab550960e9e44f7d45c4e0ff3bbad2333170ade47ce65413d2ba76"
"md","tech-spec-template","bmm","bmad/bmm/workflows/2-plan/tech-spec/tech-spec-template.md","79e0b33c3e191603160bf2e6f11497ff3be010878cd1008dc986e2b957a9230c"
"md","template","bmm","bmad/bmm/workflows/1-analysis/game-brief/template.md","6d5555fae3763e8528898663d51276e0cc7d2d9725a8c74162d8e9732dbc5843"
"md","template","bmm","bmad/bmm/workflows/1-analysis/product-brief/template.md","6e80489578bf0908c70742b36997007ea3978bcd14af7ee6b1dca5d54679090e"
"md","template","bmm","bmad/bmm/workflows/3-solutioning/tech-spec/template.md","f27cf5523b383afa33918f02d2ecf37bd2fb514e3eff3a6b423684667d8678f0"
"md","template","bmm","bmad/bmm/workflows/4-implementation/create-story/template.md","aa7e097cf73e318d6b8302aa69d48f81ee45f57d43c3613a0d49d3e538eb5780"
"md","template-deep-prompt","bmm","bmad/bmm/workflows/1-analysis/research/template-deep-prompt.md","2e65c7d6c56e0fa3c994e9eb8e6685409d84bc3e4d198ea462fa78e06c1c0932"
"md","template-market","bmm","bmad/bmm/workflows/1-analysis/research/template-market.md","28631d8693beac54f4b47f38b143d5efc91f8ed7673e396a7b40304db7eba6cb"
"md","template-technical","bmm","bmad/bmm/workflows/1-analysis/research/template-technical.md","6f571c638c9d2f12ded2cf82ed7c5064a25e99f197fcd42dc558cb45e7ebaf93"
"md","test-levels-framework","bmm","bmad/bmm/testarch/knowledge/test-levels-framework.md","85feecbee24c2e2efa7e3a7c5b455eddfad2f262ffe3ee84b7759c45576b3f10"
"md","test-priorities-matrix","bmm","bmad/bmm/testarch/knowledge/test-priorities-matrix.md","b18dfbb0d81112d1333ad5abe29ef719b72906d013679347c9e019fef33958fe"
"md","test-quality","bmm","bmad/bmm/testarch/knowledge/test-quality.md","314e926651965c9bd535b41d17bb378232b23c08d13b997d947331f2f073b504"
"md","text-based","bmm","bmad/bmm/workflows/2-plan/gdd/game-types/text-based.md","5895ca65dc93f676bb33b754f2c6be85d5d9b651df87d8431d404dc9bb736ee7"
"md","tower-defense","bmm","bmad/bmm/workflows/2-plan/gdd/game-types/tower-defense.md","03a2cc577fdd1a183ba04409b01b22f2f38713d28f1278481b0f221858f97ec8"
"md","turn-based-tactics","bmm","bmad/bmm/workflows/2-plan/gdd/game-types/turn-based-tactics.md","30a150d8a0ab746f0c67d414be79e7e421fff1b8b7a1b716e64800df72bdb6c2"
"md","user-story-template","bmm","bmad/bmm/workflows/2-plan/tech-spec/user-story-template.md","7d222218dd3c39888daccbb9f6b8442417648a72d268ddafe7121dcb04d65557"
"md","ux-expert","bmm","bmad/bmm/agents/ux-expert.md","99415d1b4305d9ce00f97c76dbfd2986e109d322dcba6ac98081d550e5e124fc"
"md","ux-spec-template","bmm","bmad/bmm/workflows/2-plan/ux/ux-spec-template.md","b04fa73b5cc1c835f0ddd7a8699b458b8631ecd4add2fb0be4f47b8ba5bfd54e"
"md","visual-debugging","bmm","bmad/bmm/testarch/knowledge/visual-debugging.md","8c0c625f73761c318fc05cdbc57f4ed21a871d9fe2df2ffba91f8ec7c9835032"
"md","visual-novel","bmm","bmad/bmm/workflows/2-plan/gdd/game-types/visual-novel.md","2d98f4c682f0abbd6330ac1bad04600c596e6b27302adbe9510fc0c0bf53052c"
"md","web-api-architecture","bmm","bmad/bmm/workflows/3-solutioning/templates/web-api-architecture.md","bb1688916680cfe3d723d6991d68bf288931dc27713b5f5f27ec08955a57ef4f"
"md","web-fullstack-architecture","bmm","bmad/bmm/workflows/3-solutioning/templates/web-fullstack-architecture.md","48f17f9a8063af9bc123967abb143c45a69c1742e8573807948768733cd680d3"
"md","web-questions","bmm","bmad/bmm/workflows/3-solutioning/project-types/web-questions.md","0f214e0a4a9e81eb9994a3f1d82ef2c5358e97baa2ca6320ba0a7a73747fa4aa"
"xml","context-template","bmm","bmad/bmm/workflows/4-implementation/story-context/context-template.xml","6b88d07ff10f51bb847d70e02f22d8927beb6ef1e55d5acf647e8f23b5821921"
"xml","daily-standup","bmm","bmad/bmm/tasks/daily-standup.xml","51b7938726bd2ad32d9ccc3b1bbad89b6023ddc607d3714cc5f2fd91d296465b"
"xml","retrospective","bmm","bmad/bmm/tasks/retrospective.xml","0c7ed9b6a5a590a58f35fca3f9d04e548bb62fb3e9bd0c8e22df24c1dc905c7b"
"yaml","analyst.agent","bmm","bmad/bmm/agents/analyst.agent.yaml",""
"yaml","architect.agent","bmm","bmad/bmm/agents/architect.agent.yaml",""
"yaml","config","bmm","bmad/bmm/config.yaml","ff8d6225942439991f5c44f10b06e55b177fd5cb8d927236102fdd5ca812aa66"
"yaml","deep-dive","bmm","bmad/bmm/workflows/1-analysis/document-project/workflows/deep-dive.yaml","8cc08a7fd213d35e2de924e588b903e491494694f4ebb493cc6ab60cf8f0c6c0"
"yaml","dev.agent","bmm","bmad/bmm/agents/dev.agent.yaml",""
"yaml","full-scan","bmm","bmad/bmm/workflows/1-analysis/document-project/workflows/full-scan.yaml","1be54e7e270a19c373e6f952745c055fe33948a173f7355f29ce729fb48c6a8f"
"yaml","game-architect.agent","bmm","bmad/bmm/agents/game-architect.agent.yaml",""
"yaml","game-designer.agent","bmm","bmad/bmm/agents/game-designer.agent.yaml",""
"yaml","game-dev.agent","bmm","bmad/bmm/agents/game-dev.agent.yaml",""
"yaml","injections","bmm","bmad/bmm/workflows/1-analysis/research/claude-code/injections.yaml","dd6dd6e722bf661c3c51d25cc97a1e8ca9c21d517ec0372e469364ba2cf1fa8b"
"yaml","pm.agent","bmm","bmad/bmm/agents/pm.agent.yaml",""
"yaml","sm.agent","bmm","bmad/bmm/agents/sm.agent.yaml",""
"yaml","tea.agent","bmm","bmad/bmm/agents/tea.agent.yaml",""
"yaml","team-all","bmm","bmad/bmm/teams/team-all.yaml","65e3087d727efdec02565758c1bd07e13e7dff0e102847d4dd65e0e77a88debc"
"yaml","team-gamedev","bmm","bmad/bmm/teams/team-gamedev.yaml","74f8951a5e57ff1687ec5f79c8f58e8d78d55a80bdd96d8b825f1f321c39ba25"
"yaml","team-planning","bmm","bmad/bmm/teams/team-planning.yaml","b337fa82a75b842f5c94f67535e63c1da6c22e778e03d289572fe26622672261"
"yaml","ux-expert.agent","bmm","bmad/bmm/agents/ux-expert.agent.yaml",""
"yaml","workflow","bmm","bmad/bmm/workflows/1-analysis/brainstorm-game/workflow.yaml","39337c210310c50edccf556f91a56a2a36eb2810d9ae1c55a9cdfcf558bff427"
"yaml","workflow","bmm","bmad/bmm/workflows/1-analysis/brainstorm-project/workflow.yaml","81ae3e39ba3a98891179b9174388286ea3ce2a7e7e754bc0b2c30beb36e9a1ff"
"yaml","workflow","bmm","bmad/bmm/workflows/1-analysis/document-project/workflow.yaml","255c849b4e091e9fd60e185a47ab333bfb2eed07bea2fe08c0125845e481fe6e"
"yaml","workflow","bmm","bmad/bmm/workflows/1-analysis/game-brief/workflow.yaml","b3d3f58c4119ed0db6c4d24bc5be30489057504b023f42fcb168e3d93be52357"
"yaml","workflow","bmm","bmad/bmm/workflows/1-analysis/product-brief/workflow.yaml","0a95dea856d0b8142815d229fcdff5a98d2e946888c64b262124f6afa906425e"
"yaml","workflow","bmm","bmad/bmm/workflows/1-analysis/research/workflow.yaml","60477226a00e4b865a6f0980018bacd30372a79715e9de3c2daee3456a8eac6b"
"yaml","workflow","bmm","bmad/bmm/workflows/1-analysis/workflow-status/workflow.yaml","a164a239903a2d236fec7aeff460b0500638cab2fc103acf62e6b5bbdf1543a5"
"yaml","workflow","bmm","bmad/bmm/workflows/2-plan/gdd/workflow.yaml","6599f01ae64fa2751172e21d39730d72799f160de198bdae6e25e82966cb38ae"
"yaml","workflow","bmm","bmad/bmm/workflows/2-plan/narrative/workflow.yaml","28978532167f1efe9f73e57ce3a45746cf4b6bc101e3e1a9354acf5956750214"
"yaml","workflow","bmm","bmad/bmm/workflows/2-plan/prd/workflow.yaml","1a7fad288c9b95e20af29f29ae60045865cfd74e29ee6e04eb4bd7cd206a7427"
"yaml","workflow","bmm","bmad/bmm/workflows/2-plan/tech-spec/workflow.yaml","c972b3e21a17ace6f28a1ea29ea179d1fb2f3c3b9fb3ee8642ae9e392707a329"
"yaml","workflow","bmm","bmad/bmm/workflows/2-plan/ux/workflow.yaml","6674e26f2e18e16c57a6d32a321ca6d6bbc043aa3f8340b604798edee1f02eeb"
"yaml","workflow","bmm","bmad/bmm/workflows/2-plan/workflow.yaml","514e8eb1b2814dc912eef4f05c42e977801d3d6cbc6eed0807e9ff6e6b2b194e"
"yaml","workflow","bmm","bmad/bmm/workflows/3-solutioning/tech-spec/workflow.yaml","61160e17ed378dad5905371225c5ca1858f160b095a7cacc9d07b6c129760f43"
"yaml","workflow","bmm","bmad/bmm/workflows/3-solutioning/workflow.yaml","fb7fa01261969d2a412b5525429b322fb3526bfe4c0274b9714d4bd49ceec6fe"
"yaml","workflow","bmm","bmad/bmm/workflows/4-implementation/correct-course/workflow.yaml","e22bce828e334a2bb37379162c1706a8dd09d9bf73d1e0315b20fb4cfa173d25"
"yaml","workflow","bmm","bmad/bmm/workflows/4-implementation/create-story/workflow.yaml","72e9542d722fddcd3fcb55f0731a5a0e3258db01fdc77c45fe6d817a3dc1d57b"
"yaml","workflow","bmm","bmad/bmm/workflows/4-implementation/dev-story/workflow.yaml","6eb763221fac35eba9fa29f61259d711efe423e895c6adf248a3cdcb633f7552"
"yaml","workflow","bmm","bmad/bmm/workflows/4-implementation/retrospective/workflow.yaml","dd84fc9aa227a84fb461ec5c4c4bbcb5e297fffa5f071eb96c4095589cf4a6ad"
"yaml","workflow","bmm","bmad/bmm/workflows/4-implementation/review-story/workflow.yaml","c83ce31699619d321a1f3c1bc8aa434740504fc99593677286bcac2cc81f11af"
"yaml","workflow","bmm","bmad/bmm/workflows/4-implementation/story-approved/workflow.yaml","d6fbd4eacd79107270c32b7d18f12d6fc32830e5da67fa7088c8d49d2454d2ad"
"yaml","workflow","bmm","bmad/bmm/workflows/4-implementation/story-context/workflow.yaml","a85261adc0fc3495d93853d8c7d38e32bde012dedc8905c2893ee060face1e52"
"yaml","workflow","bmm","bmad/bmm/workflows/4-implementation/story-ready/workflow.yaml","7d1f084302b2d79221583e36834b264cb6a584ad25e1bdc4470de10f7c7288ce"
"yaml","workflow","bmm","bmad/bmm/workflows/testarch/atdd/workflow.yaml","c1c0206042dc9b96b4a717b5187a4cf5c0254256625ff7b88c0c32094c419d4d"
"yaml","workflow","bmm","bmad/bmm/workflows/testarch/automate/workflow.yaml","d4f0ae9520e8515ce1cef5372993ad721cf3389167815f00a8fbd93d5fc4d9de"
"yaml","workflow","bmm","bmad/bmm/workflows/testarch/ci/workflow.yaml","303c2cae23251d7ebb400987dbaf422cb6aebe6b77cb886aafb0ac2eb9dbe2ac"
"yaml","workflow","bmm","bmad/bmm/workflows/testarch/framework/workflow.yaml","328d7e7e0edbbaff18761e1fe0e753f985b25028611f363ae84d09115160620f"
"yaml","workflow","bmm","bmad/bmm/workflows/testarch/gate/workflow.yaml","86eb4a240f10adad14ee211e2be1ca89bf31a41b9f5a8e7bb0719caf32405912"
"yaml","workflow","bmm","bmad/bmm/workflows/testarch/nfr-assess/workflow.yaml","9372ffd0c107bebc58cd93fb9bf8e7d0e4cdb5e55eabebaf6a7a821cc946c7e1"
"yaml","workflow","bmm","bmad/bmm/workflows/testarch/test-design/workflow.yaml","08fe57d8bf91c6866699bce92ea05b1e694aa72fde2a3b530833a1556e2fef1a"
"yaml","workflow","bmm","bmad/bmm/workflows/testarch/trace/workflow.yaml","0b841730236e0e0a140dfd99a82ab66cec26930f07fe3bb9154cc02e8bb9d29d"
"csv","adv-elicit-methods","core","bmad/core/tasks/adv-elicit-methods.csv","b4e925870f902862899f12934e617c3b4fe002d1b652c99922b30fa93482533b"
"csv","brain-methods","core","bmad/core/workflows/brainstorming/brain-methods.csv","ecffe2f0ba263aac872b2d2c95a3f7b1556da2a980aa0edd3764ffb2f11889f3"
"md","bmad-master","core","bmad/core/agents/bmad-master.md","d5a8f4c202e0637844b7c481c6b1284f4a8175017f070a23de849f53ead62625"
"md","instructions","core","bmad/core/workflows/bmad-init/instructions.md","f4eff0e5f8c060126cb3027e3b0a343451ff25cd8fac28551e70281c3b16a5b2"
"md","instructions","core","bmad/core/workflows/brainstorming/instructions.md","32961c158cf5c0575ff0aac6e6532ea177b824e96caddafa31223485df10bc4e"
"md","instructions","core","bmad/core/workflows/party-mode/instructions.md","ea0e0e76de91d872efb3b4397627801452f21a39d094a77c41edc93f8dc4238b"
"md","README","core","bmad/core/workflows/brainstorming/README.md","ca469d9fbb2b9156491d160e11e2517fdf85ea2c29f41f92b22d4027fe7d9d2a"
"md","template","core","bmad/core/workflows/brainstorming/template.md","b5c760f4cea2b56c75ef76d17a87177b988ac846657f4b9819ec125d125b7386"
"xml","adv-elicit","core","bmad/core/tasks/adv-elicit.xml","94f004a336e434cd231de35eb864435ac51cd5888e9befe66e326eb16497121e"
"xml","bmad-web-orchestrator.agent","core","bmad/core/agents/bmad-web-orchestrator.agent.xml","91a5c1b660befa7365f427640b4fa3dbb18f5e48cd135560303dae0939dccf12"
"xml","index-docs","core","bmad/core/tasks/index-docs.xml","8d011ea850571d448932814bad7cbedcc8aa6e3e28868f55dcc7c2ba82158901"
"xml","validate-workflow","core","bmad/core/tasks/validate-workflow.xml","1244874db38a55d957995ed224812ef868ff1451d8e1901cc5887dd0eb1c236e"
"xml","workflow","core","bmad/core/tasks/workflow.xml","0b2b7bd184e099869174cc8d9125fce08bcd3fd64fad50ff835a42eccf6620e2"
"yaml","bmad-master.agent","core","bmad/core/agents/bmad-master.agent.yaml",""
"yaml","config","core","bmad/core/config.yaml","ae3c6c94454a0d9a68aeaf1b22b553e69cc96ec7748c0207a916a9aa44b6f15c"
"yaml","workflow","core","bmad/core/workflows/bmad-init/workflow.yaml","731b408219111bd234ebf7a7e124fe2dcb3a428bcf74f8c307a9a2f58039ee97"
"yaml","workflow","core","bmad/core/workflows/brainstorming/workflow.yaml","52db57678606b98ec47e603c253c40f98815c49417df3088412bbbd8aa7f34d3"
"yaml","workflow","core","bmad/core/workflows/party-mode/workflow.yaml","979e986780ce919abbdae89b3bd264d34a1436036a7eb6f82f40e59c9ce7c2e8"
